<annotation>
	<folder>JPEGImages</folder>
	<filename>BloodImage_00134.jpg</filename>
	<path>/home/pi/detection_dataset/JPEGImages/BloodImage_00134.jpg</path>
	<source>
		<database>Unknown</database>
	</source>
	<size>
		<width>640</width>
		<height>480</height>
		<depth>3</depth>
	</size>
	<segmented>0</segmented>
	<object>
		<name>wbc</name>
		<pose>Unspecified</pose>
		<truncated>0</truncated>
		<difficult>0</difficult>
		<bndbox>
			<xmin>250</xmin>
			<ymin>196</ymin>
			<xmax>405</xmax>
			<ymax>337</ymax>
		</bndbox>
	</object>
	<object>
		<name>platelets</name>
		<pose>Unspecified</pose>
		<truncated>1</truncated>
		<difficult>0</difficult>
		<bndbox>
			<xmin>5</xmin>
			<ymin>455</ymin>
			<xmax>38</xmax>
			<ymax>480</ymax>
		</bndbox>
	</object>
	<object>
		<name>platelets</name>
		<pose>Unspecified</pose>
		<truncated>1</truncated>
		<difficult>0</difficult>
		<bndbox>
			<xmin>596</xmin>
			<ymin>259</ymin>
			<xmax>640</xmax>
			<ymax>307</ymax>
		</bndbox>
	</object>
</annotation>
