<annotation>
	<folder>JPEGImages</folder>
	<filename>BloodImage_00327.jpg</filename>
	<path>/home/pi/detection_dataset/JPEGImages/BloodImage_00327.jpg</path>
	<source>
		<database>Unknown</database>
	</source>
	<size>
		<width>640</width>
		<height>480</height>
		<depth>3</depth>
	</size>
	<segmented>0</segmented>
	<object>
		<name>platelets</name>
		<pose>Unspecified</pose>
		<truncated>0</truncated>
		<difficult>0</difficult>
		<bndbox>
			<xmin>106</xmin>
			<ymin>109</ymin>
			<xmax>146</xmax>
			<ymax>139</ymax>
		</bndbox>
	</object>
	<object>
		<name>platelets</name>
		<pose>Unspecified</pose>
		<truncated>0</truncated>
		<difficult>0</difficult>
		<bndbox>
			<xmin>331</xmin>
			<ymin>102</ymin>
			<xmax>379</xmax>
			<ymax>142</ymax>
		</bndbox>
	</object>
</annotation>
