<annotation>
	<folder>JPEGImages</folder>
	<filename>BloodImage_00157.jpg</filename>
	<path>/home/pi/detection_dataset/JPEGImages/BloodImage_00157.jpg</path>
	<source>
		<database>Unknown</database>
	</source>
	<size>
		<width>640</width>
		<height>480</height>
		<depth>3</depth>
	</size>
	<segmented>0</segmented>
	<object>
		<name>rbc</name>
		<pose>Unspecified</pose>
		<truncated>0</truncated>
		<difficult>0</difficult>
		<bndbox>
			<xmin>108</xmin>
			<ymin>147</ymin>
			<xmax>217</xmax>
			<ymax>248</ymax>
		</bndbox>
	</object>
	<object>
		<name>rbc</name>
		<pose>Unspecified</pose>
		<truncated>0</truncated>
		<difficult>0</difficult>
		<bndbox>
			<xmin>523</xmin>
			<ymin>128</ymin>
			<xmax>632</xmax>
			<ymax>229</ymax>
		</bndbox>
	</object>
	<object>
		<name>rbc</name>
		<pose>Unspecified</pose>
		<truncated>0</truncated>
		<difficult>0</difficult>
		<bndbox>
			<xmin>365</xmin>
			<ymin>355</ymin>
			<xmax>495</xmax>
			<ymax>456</ymax>
		</bndbox>
	</object>
	<object>
		<name>wbc</name>
		<pose>Unspecified</pose>
		<truncated>0</truncated>
		<difficult>0</difficult>
		<bndbox>
			<xmin>202</xmin>
			<ymin>183</ymin>
			<xmax>377</xmax>
			<ymax>345</ymax>
		</bndbox>
	</object>
</annotation>
