<annotation>
	<folder>JPEGImages</folder>
	<filename>BloodImage_00344.jpg</filename>
	<path>/home/pi/detection_dataset/JPEGImages/BloodImage_00344.jpg</path>
	<source>
		<database>Unknown</database>
	</source>
	<size>
		<width>640</width>
		<height>480</height>
		<depth>3</depth>
	</size>
	<segmented>0</segmented>
	<object>
		<name>rbc</name>
		<pose>Unspecified</pose>
		<truncated>0</truncated>
		<difficult>0</difficult>
		<bndbox>
			<xmin>529</xmin>
			<ymin>174</ymin>
			<xmax>618</xmax>
			<ymax>260</ymax>
		</bndbox>
	</object>
	<object>
		<name>rbc</name>
		<pose>Unspecified</pose>
		<truncated>0</truncated>
		<difficult>0</difficult>
		<bndbox>
			<xmin>347</xmin>
			<ymin>290</ymin>
			<xmax>449</xmax>
			<ymax>407</ymax>
		</bndbox>
	</object>
	<object>
		<name>rbc</name>
		<pose>Unspecified</pose>
		<truncated>0</truncated>
		<difficult>0</difficult>
		<bndbox>
			<xmin>4</xmin>
			<ymin>347</ymin>
			<xmax>100</xmax>
			<ymax>437</ymax>
		</bndbox>
	</object>
	<object>
		<name>rbc</name>
		<pose>Unspecified</pose>
		<truncated>0</truncated>
		<difficult>0</difficult>
		<bndbox>
			<xmin>383</xmin>
			<ymin>413</ymin>
			<xmax>516</xmax>
			<ymax>478</ymax>
		</bndbox>
	</object>
	<object>
		<name>rbc</name>
		<pose>Unspecified</pose>
		<truncated>1</truncated>
		<difficult>0</difficult>
		<bndbox>
			<xmin>254</xmin>
			<ymin>391</ymin>
			<xmax>372</xmax>
			<ymax>480</ymax>
		</bndbox>
	</object>
	<object>
		<name>rbc</name>
		<pose>Unspecified</pose>
		<truncated>0</truncated>
		<difficult>0</difficult>
		<bndbox>
			<xmin>246</xmin>
			<ymin>297</ymin>
			<xmax>353</xmax>
			<ymax>401</ymax>
		</bndbox>
	</object>
	<object>
		<name>rbc</name>
		<pose>Unspecified</pose>
		<truncated>1</truncated>
		<difficult>0</difficult>
		<bndbox>
			<xmin>347</xmin>
			<ymin>1</ymin>
			<xmax>483</xmax>
			<ymax>104</ymax>
		</bndbox>
	</object>
	<object>
		<name>rbc</name>
		<pose>Unspecified</pose>
		<truncated>0</truncated>
		<difficult>0</difficult>
		<bndbox>
			<xmin>505</xmin>
			<ymin>362</ymin>
			<xmax>616</xmax>
			<ymax>455</ymax>
		</bndbox>
	</object>
	<object>
		<name>rbc</name>
		<pose>Unspecified</pose>
		<truncated>0</truncated>
		<difficult>0</difficult>
		<bndbox>
			<xmin>41</xmin>
			<ymin>12</ymin>
			<xmax>129</xmax>
			<ymax>149</ymax>
		</bndbox>
	</object>
	<object>
		<name>rbc</name>
		<pose>Unspecified</pose>
		<truncated>0</truncated>
		<difficult>0</difficult>
		<bndbox>
			<xmin>318</xmin>
			<ymin>117</ymin>
			<xmax>441</xmax>
			<ymax>213</ymax>
		</bndbox>
	</object>
	<object>
		<name>rbc</name>
		<pose>Unspecified</pose>
		<truncated>0</truncated>
		<difficult>0</difficult>
		<bndbox>
			<xmin>30</xmin>
			<ymin>236</ymin>
			<xmax>147</xmax>
			<ymax>329</ymax>
		</bndbox>
	</object>
	<object>
		<name>rbc</name>
		<pose>Unspecified</pose>
		<truncated>0</truncated>
		<difficult>0</difficult>
		<bndbox>
			<xmin>84</xmin>
			<ymin>321</ymin>
			<xmax>192</xmax>
			<ymax>413</ymax>
		</bndbox>
	</object>
	<object>
		<name>platelets</name>
		<pose>Unspecified</pose>
		<truncated>0</truncated>
		<difficult>0</difficult>
		<bndbox>
			<xmin>28</xmin>
			<ymin>183</ymin>
			<xmax>81</xmax>
			<ymax>226</ymax>
		</bndbox>
	</object>
	<object>
		<name>wbc</name>
		<pose>Unspecified</pose>
		<truncated>0</truncated>
		<difficult>0</difficult>
		<bndbox>
			<xmin>74</xmin>
			<ymin>108</ymin>
			<xmax>336</xmax>
			<ymax>359</ymax>
		</bndbox>
	</object>
</annotation>
