<annotation verified="no">
  <folder>RBC</folder>
  <filename>BloodImage_00178.jpg</filename>
  <path>/Users/cosmic/WBC_CLASSIFICATION_ANNO/RBC/BloodImage_00178.jpg</path>
  <source>
    <database>Unknown</database>
  </source>
  <size>
    <width>640</width>
    <height>480</height>
    <depth>3</depth>
  </size>
  <segmented>0</segmented>
  <object>
    <name>rbc</name>
    <pose>Unspecified</pose>
    <truncated>0</truncated>
    <difficult>0</difficult>
    <bndbox>
      <xmin>26</xmin>
      <ymin>293</ymin>
      <xmax>124</xmax>
      <ymax>386</ymax>
    </bndbox>
  </object>
  <object>
    <name>rbc</name>
    <pose>Unspecified</pose>
    <truncated>0</truncated>
    <difficult>0</difficult>
    <bndbox>
      <xmin>293</xmin>
      <ymin>345</ymin>
      <xmax>416</xmax>
      <ymax>449</ymax>
    </bndbox>
  </object>
  <object>
    <name>rbc</name>
    <pose>Unspecified</pose>
    <truncated>1</truncated>
    <difficult>0</difficult>
    <bndbox>
      <xmin>519</xmin>
      <ymin>189</ymin>
      <xmax>640</xmax>
      <ymax>315</ymax>
    </bndbox>
  </object>
  <object>
    <name>rbc</name>
    <pose>Unspecified</pose>
    <truncated>0</truncated>
    <difficult>0</difficult>
    <bndbox>
      <xmin>480</xmin>
      <ymin>27</ymin>
      <xmax>601</xmax>
      <ymax>153</ymax>
    </bndbox>
  </object>
  <object>
    <name>rbc</name>
    <pose>Unspecified</pose>
    <truncated>1</truncated>
    <difficult>0</difficult>
    <bndbox>
      <xmin>402</xmin>
      <ymin>1</ymin>
      <xmax>510</xmax>
      <ymax>78</ymax>
    </bndbox>
  </object>
  <object>
    <name>rbc</name>
    <pose>Unspecified</pose>
    <truncated>0</truncated>
    <difficult>0</difficult>
    <bndbox>
      <xmin>327</xmin>
      <ymin>250</ymin>
      <xmax>429</xmax>
      <ymax>343</ymax>
    </bndbox>
  </object>
  <object>
    <name>rbc</name>
    <pose>Unspecified</pose>
    <truncated>0</truncated>
    <difficult>0</difficult>
    <bndbox>
      <xmin>414</xmin>
      <ymin>275</ymin>
      <xmax>549</xmax>
      <ymax>377</ymax>
    </bndbox>
  </object>
  <object>
    <name>rbc</name>
    <pose>Unspecified</pose>
    <truncated>1</truncated>
    <difficult>0</difficult>
    <bndbox>
      <xmin>554</xmin>
      <ymin>342</ymin>
      <xmax>640</xmax>
      <ymax>443</ymax>
    </bndbox>
  </object>
  <object>
    <name>rbc</name>
    <pose>Unspecified</pose>
    <truncated>1</truncated>
    <difficult>0</difficult>
    <bndbox>
      <xmin>3</xmin>
      <ymin>391</ymin>
      <xmax>99</xmax>
      <ymax>480</ymax>
    </bndbox>
  </object>
  <object>
    <name>rbc</name>
    <pose>Unspecified</pose>
    <truncated>0</truncated>
    <difficult>0</difficult>
    <bndbox>
      <xmin>72</xmin>
      <ymin>19</ymin>
      <xmax>174</xmax>
      <ymax>130</ymax>
    </bndbox>
  </object>
  <object>
    <name>rbc</name>
    <pose>Unspecified</pose>
    <truncated>0</truncated>
    <difficult>0</difficult>
    <bndbox>
      <xmin>144</xmin>
      <ymin>189</ymin>
      <xmax>273</xmax>
      <ymax>305</ymax>
    </bndbox>
  </object>
  <object>
    <name>rbc</name>
    <pose>Unspecified</pose>
    <truncated>0</truncated>
    <difficult>0</difficult>
    <bndbox>
      <xmin>122</xmin>
      <ymin>319</ymin>
      <xmax>237</xmax>
      <ymax>413</ymax>
    </bndbox>
  </object>
</annotation>
