<annotation>
	<folder>JPEGImages</folder>
	<filename>BloodImage_00029.jpg</filename>
	<path>/home/pi/detection_dataset/JPEGImages/BloodImage_00029.jpg</path>
	<source>
		<database>Unknown</database>
	</source>
	<size>
		<width>640</width>
		<height>480</height>
		<depth>3</depth>
	</size>
	<segmented>0</segmented>
	<object>
		<name>wbc</name>
		<pose>Unspecified</pose>
		<truncated>0</truncated>
		<difficult>0</difficult>
		<bndbox>
			<xmin>75</xmin>
			<ymin>179</ymin>
			<xmax>224</xmax>
			<ymax>315</ymax>
		</bndbox>
	</object>
	<object>
		<name>platelets</name>
		<pose>Unspecified</pose>
		<truncated>0</truncated>
		<difficult>0</difficult>
		<bndbox>
			<xmin>440</xmin>
			<ymin>283</ymin>
			<xmax>495</xmax>
			<ymax>317</ymax>
		</bndbox>
	</object>
	<object>
		<name>rbc</name>
		<pose>Unspecified</pose>
		<truncated>0</truncated>
		<difficult>0</difficult>
		<bndbox>
			<xmin>241</xmin>
			<ymin>86</ymin>
			<xmax>358</xmax>
			<ymax>199</ymax>
		</bndbox>
	</object>
	<object>
		<name>rbc</name>
		<pose>Unspecified</pose>
		<truncated>0</truncated>
		<difficult>0</difficult>
		<bndbox>
			<xmin>212</xmin>
			<ymin>48</ymin>
			<xmax>293</xmax>
			<ymax>142</ymax>
		</bndbox>
	</object>
	<object>
		<name>rbc</name>
		<pose>Unspecified</pose>
		<truncated>0</truncated>
		<difficult>0</difficult>
		<bndbox>
			<xmin>364</xmin>
			<ymin>143</ymin>
			<xmax>463</xmax>
			<ymax>228</ymax>
		</bndbox>
	</object>
	<object>
		<name>rbc</name>
		<pose>Unspecified</pose>
		<truncated>0</truncated>
		<difficult>0</difficult>
		<bndbox>
			<xmin>424</xmin>
			<ymin>137</ymin>
			<xmax>545</xmax>
			<ymax>228</ymax>
		</bndbox>
	</object>
	<object>
		<name>rbc</name>
		<pose>Unspecified</pose>
		<truncated>0</truncated>
		<difficult>0</difficult>
		<bndbox>
			<xmin>227</xmin>
			<ymin>193</ymin>
			<xmax>348</xmax>
			<ymax>300</ymax>
		</bndbox>
	</object>
	<object>
		<name>rbc</name>
		<pose>Unspecified</pose>
		<truncated>0</truncated>
		<difficult>0</difficult>
		<bndbox>
			<xmin>207</xmin>
			<ymin>265</ymin>
			<xmax>328</xmax>
			<ymax>372</ymax>
		</bndbox>
	</object>
	<object>
		<name>rbc</name>
		<pose>Unspecified</pose>
		<truncated>0</truncated>
		<difficult>0</difficult>
		<bndbox>
			<xmin>139</xmin>
			<ymin>320</ymin>
			<xmax>260</xmax>
			<ymax>427</ymax>
		</bndbox>
	</object>
	<object>
		<name>rbc</name>
		<pose>Unspecified</pose>
		<truncated>0</truncated>
		<difficult>0</difficult>
		<bndbox>
			<xmin>256</xmin>
			<ymin>365</ymin>
			<xmax>377</xmax>
			<ymax>472</ymax>
		</bndbox>
	</object>
	<object>
		<name>rbc</name>
		<pose>Unspecified</pose>
		<truncated>0</truncated>
		<difficult>0</difficult>
		<bndbox>
			<xmin>390</xmin>
			<ymin>356</ymin>
			<xmax>511</xmax>
			<ymax>463</ymax>
		</bndbox>
	</object>
	<object>
		<name>rbc</name>
		<pose>Unspecified</pose>
		<truncated>0</truncated>
		<difficult>0</difficult>
		<bndbox>
			<xmin>506</xmin>
			<ymin>110</ymin>
			<xmax>624</xmax>
			<ymax>196</ymax>
		</bndbox>
	</object>
	<object>
		<name>rbc</name>
		<pose>Unspecified</pose>
		<truncated>0</truncated>
		<difficult>0</difficult>
		<bndbox>
			<xmin>517</xmin>
			<ymin>57</ymin>
			<xmax>638</xmax>
			<ymax>148</ymax>
		</bndbox>
	</object>
	<object>
		<name>rbc</name>
		<pose>Unspecified</pose>
		<truncated>0</truncated>
		<difficult>0</difficult>
		<bndbox>
			<xmin>421</xmin>
			<ymin>8</ymin>
			<xmax>526</xmax>
			<ymax>107</ymax>
		</bndbox>
	</object>
	<object>
		<name>rbc</name>
		<pose>Unspecified</pose>
		<truncated>0</truncated>
		<difficult>0</difficult>
		<bndbox>
			<xmin>70</xmin>
			<ymin>23</ymin>
			<xmax>200</xmax>
			<ymax>145</ymax>
		</bndbox>
	</object>
	<object>
		<name>rbc</name>
		<pose>Unspecified</pose>
		<truncated>0</truncated>
		<difficult>0</difficult>
		<bndbox>
			<xmin>19</xmin>
			<ymin>70</ymin>
			<xmax>129</xmax>
			<ymax>186</ymax>
		</bndbox>
	</object>
	<object>
		<name>rbc</name>
		<pose>Unspecified</pose>
		<truncated>1</truncated>
		<difficult>0</difficult>
		<bndbox>
			<xmin>1</xmin>
			<ymin>128</ymin>
			<xmax>87</xmax>
			<ymax>251</ymax>
		</bndbox>
	</object>
	<object>
		<name>rbc</name>
		<pose>Unspecified</pose>
		<truncated>1</truncated>
		<difficult>0</difficult>
		<bndbox>
			<xmin>1</xmin>
			<ymin>194</ymin>
			<xmax>79</xmax>
			<ymax>318</ymax>
		</bndbox>
	</object>
	<object>
		<name>rbc</name>
		<pose>Unspecified</pose>
		<truncated>1</truncated>
		<difficult>0</difficult>
		<bndbox>
			<xmin>1</xmin>
			<ymin>264</ymin>
			<xmax>75</xmax>
			<ymax>366</ymax>
		</bndbox>
	</object>
	<object>
		<name>rbc</name>
		<pose>Unspecified</pose>
		<truncated>1</truncated>
		<difficult>0</difficult>
		<bndbox>
			<xmin>1</xmin>
			<ymin>310</ymin>
			<xmax>75</xmax>
			<ymax>412</ymax>
		</bndbox>
	</object>
	<object>
		<name>rbc</name>
		<pose>Unspecified</pose>
		<truncated>0</truncated>
		<difficult>0</difficult>
		<bndbox>
			<xmin>24</xmin>
			<ymin>355</ymin>
			<xmax>105</xmax>
			<ymax>459</ymax>
		</bndbox>
	</object>
	<object>
		<name>rbc</name>
		<pose>Unspecified</pose>
		<truncated>1</truncated>
		<difficult>0</difficult>
		<bndbox>
			<xmin>11</xmin>
			<ymin>423</ymin>
			<xmax>103</xmax>
			<ymax>480</ymax>
		</bndbox>
	</object>
	<object>
		<name>rbc</name>
		<pose>Unspecified</pose>
		<truncated>1</truncated>
		<difficult>0</difficult>
		<bndbox>
			<xmin>207</xmin>
			<ymin>1</ymin>
			<xmax>300</xmax>
			<ymax>51</ymax>
		</bndbox>
	</object>
	<object>
		<name>rbc</name>
		<pose>Unspecified</pose>
		<truncated>1</truncated>
		<difficult>0</difficult>
		<bndbox>
			<xmin>275</xmin>
			<ymin>1</ymin>
			<xmax>365</xmax>
			<ymax>74</ymax>
		</bndbox>
	</object>
</annotation>
