<annotation>
	<folder>JPEGImages</folder>
	<filename>BloodImage_00322.jpg</filename>
	<path>/home/pi/detection_dataset/JPEGImages/BloodImage_00322.jpg</path>
	<source>
		<database>Unknown</database>
	</source>
	<size>
		<width>640</width>
		<height>480</height>
		<depth>3</depth>
	</size>
	<segmented>0</segmented>
	<object>
		<name>platelets</name>
		<pose>Unspecified</pose>
		<truncated>0</truncated>
		<difficult>0</difficult>
		<bndbox>
			<xmin>168</xmin>
			<ymin>374</ymin>
			<xmax>198</xmax>
			<ymax>406</ymax>
		</bndbox>
	</object>
	<object>
		<name>platelets</name>
		<pose>Unspecified</pose>
		<truncated>0</truncated>
		<difficult>0</difficult>
		<bndbox>
			<xmin>527</xmin>
			<ymin>244</ymin>
			<xmax>564</xmax>
			<ymax>282</ymax>
		</bndbox>
	</object>
	<object>
		<name>platelets</name>
		<pose>Unspecified</pose>
		<truncated>0</truncated>
		<difficult>0</difficult>
		<bndbox>
			<xmin>565</xmin>
			<ymin>383</ymin>
			<xmax>602</xmax>
			<ymax>421</ymax>
		</bndbox>
	</object>
	<object>
		<name>wbc</name>
		<pose>Unspecified</pose>
		<truncated>0</truncated>
		<difficult>0</difficult>
		<bndbox>
			<xmin>307</xmin>
			<ymin>174</ymin>
			<xmax>528</xmax>
			<ymax>387</ymax>
		</bndbox>
	</object>
</annotation>
