<annotation>
	<folder>JPEGImages</folder>
	<filename>BloodImage_00164.jpg</filename>
	<path>/home/pi/detection_dataset/JPEGImages/BloodImage_00164.jpg</path>
	<source>
		<database>Unknown</database>
	</source>
	<size>
		<width>640</width>
		<height>480</height>
		<depth>3</depth>
	</size>
	<segmented>0</segmented>
	<object>
		<name>rbc</name>
		<pose>Unspecified</pose>
		<truncated>0</truncated>
		<difficult>0</difficult>
		<bndbox>
			<xmin>169</xmin>
			<ymin>179</ymin>
			<xmax>300</xmax>
			<ymax>317</ymax>
		</bndbox>
	</object>
	<object>
		<name>rbc</name>
		<pose>Unspecified</pose>
		<truncated>0</truncated>
		<difficult>0</difficult>
		<bndbox>
			<xmin>423</xmin>
			<ymin>336</ymin>
			<xmax>520</xmax>
			<ymax>453</ymax>
		</bndbox>
	</object>
	<object>
		<name>rbc</name>
		<pose>Unspecified</pose>
		<truncated>0</truncated>
		<difficult>0</difficult>
		<bndbox>
			<xmin>532</xmin>
			<ymin>358</ymin>
			<xmax>629</xmax>
			<ymax>475</ymax>
		</bndbox>
	</object>
	<object>
		<name>rbc</name>
		<pose>Unspecified</pose>
		<truncated>0</truncated>
		<difficult>0</difficult>
		<bndbox>
			<xmin>353</xmin>
			<ymin>39</ymin>
			<xmax>448</xmax>
			<ymax>135</ymax>
		</bndbox>
	</object>
	<object>
		<name>rbc</name>
		<pose>Unspecified</pose>
		<truncated>0</truncated>
		<difficult>0</difficult>
		<bndbox>
			<xmin>345</xmin>
			<ymin>124</ymin>
			<xmax>451</xmax>
			<ymax>245</ymax>
		</bndbox>
	</object>
	<object>
		<name>rbc</name>
		<pose>Unspecified</pose>
		<truncated>0</truncated>
		<difficult>0</difficult>
		<bndbox>
			<xmin>309</xmin>
			<ymin>233</ymin>
			<xmax>415</xmax>
			<ymax>354</ymax>
		</bndbox>
	</object>
	<object>
		<name>rbc</name>
		<pose>Unspecified</pose>
		<truncated>0</truncated>
		<difficult>0</difficult>
		<bndbox>
			<xmin>532</xmin>
			<ymin>151</ymin>
			<xmax>639</xmax>
			<ymax>268</ymax>
		</bndbox>
	</object>
	<object>
		<name>rbc</name>
		<pose>Unspecified</pose>
		<truncated>0</truncated>
		<difficult>0</difficult>
		<bndbox>
			<xmin>455</xmin>
			<ymin>69</ymin>
			<xmax>593</xmax>
			<ymax>184</ymax>
		</bndbox>
	</object>
	<object>
		<name>rbc</name>
		<pose>Unspecified</pose>
		<truncated>0</truncated>
		<difficult>0</difficult>
		<bndbox>
			<xmin>4</xmin>
			<ymin>188</ymin>
			<xmax>136</xmax>
			<ymax>316</ymax>
		</bndbox>
	</object>
	<object>
		<name>rbc</name>
		<pose>Unspecified</pose>
		<truncated>0</truncated>
		<difficult>0</difficult>
		<bndbox>
			<xmin>102</xmin>
			<ymin>77</ymin>
			<xmax>220</xmax>
			<ymax>196</ymax>
		</bndbox>
	</object>
	<object>
		<name>wbc</name>
		<pose>Unspecified</pose>
		<truncated>1</truncated>
		<difficult>0</difficult>
		<bndbox>
			<xmin>124</xmin>
			<ymin>300</ymin>
			<xmax>335</xmax>
			<ymax>480</ymax>
		</bndbox>
	</object>
	<object>
		<name>platelets</name>
		<pose>Unspecified</pose>
		<truncated>0</truncated>
		<difficult>0</difficult>
		<bndbox>
			<xmin>589</xmin>
			<ymin>134</ymin>
			<xmax>626</xmax>
			<ymax>167</ymax>
		</bndbox>
	</object>
</annotation>
