<annotation>
	<folder>JPEGImages</folder>
	<filename>BloodImage_00203.jpg</filename>
	<path>/home/pi/detection_dataset/JPEGImages/BloodImage_00203.jpg</path>
	<source>
		<database>Unknown</database>
	</source>
	<size>
		<width>640</width>
		<height>480</height>
		<depth>3</depth>
	</size>
	<segmented>0</segmented>
	<object>
		<name>rbc</name>
		<pose>Unspecified</pose>
		<truncated>0</truncated>
		<difficult>0</difficult>
		<bndbox>
			<xmin>420</xmin>
			<ymin>58</ymin>
			<xmax>528</xmax>
			<ymax>156</ymax>
		</bndbox>
	</object>
	<object>
		<name>rbc</name>
		<pose>Unspecified</pose>
		<truncated>0</truncated>
		<difficult>0</difficult>
		<bndbox>
			<xmin>463</xmin>
			<ymin>121</ymin>
			<xmax>571</xmax>
			<ymax>219</ymax>
		</bndbox>
	</object>
	<object>
		<name>rbc</name>
		<pose>Unspecified</pose>
		<truncated>1</truncated>
		<difficult>0</difficult>
		<bndbox>
			<xmin>266</xmin>
			<ymin>1</ymin>
			<xmax>377</xmax>
			<ymax>71</ymax>
		</bndbox>
	</object>
	<object>
		<name>rbc</name>
		<pose>Unspecified</pose>
		<truncated>0</truncated>
		<difficult>0</difficult>
		<bndbox>
			<xmin>292</xmin>
			<ymin>43</ymin>
			<xmax>403</xmax>
			<ymax>114</ymax>
		</bndbox>
	</object>
	<object>
		<name>rbc</name>
		<pose>Unspecified</pose>
		<truncated>0</truncated>
		<difficult>0</difficult>
		<bndbox>
			<xmin>459</xmin>
			<ymin>351</ymin>
			<xmax>567</xmax>
			<ymax>444</ymax>
		</bndbox>
	</object>
	<object>
		<name>rbc</name>
		<pose>Unspecified</pose>
		<truncated>0</truncated>
		<difficult>0</difficult>
		<bndbox>
			<xmin>12</xmin>
			<ymin>206</ymin>
			<xmax>120</xmax>
			<ymax>306</ymax>
		</bndbox>
	</object>
	<object>
		<name>rbc</name>
		<pose>Unspecified</pose>
		<truncated>0</truncated>
		<difficult>0</difficult>
		<bndbox>
			<xmin>130</xmin>
			<ymin>75</ymin>
			<xmax>238</xmax>
			<ymax>175</ymax>
		</bndbox>
	</object>
	<object>
		<name>rbc</name>
		<pose>Unspecified</pose>
		<truncated>0</truncated>
		<difficult>0</difficult>
		<bndbox>
			<xmin>506</xmin>
			<ymin>222</ymin>
			<xmax>610</xmax>
			<ymax>333</ymax>
		</bndbox>
	</object>
	<object>
		<name>rbc</name>
		<pose>Unspecified</pose>
		<truncated>1</truncated>
		<difficult>0</difficult>
		<bndbox>
			<xmin>1</xmin>
			<ymin>11</ymin>
			<xmax>107</xmax>
			<ymax>147</ymax>
		</bndbox>
	</object>
	<object>
		<name>wbc</name>
		<pose>Unspecified</pose>
		<truncated>0</truncated>
		<difficult>0</difficult>
		<bndbox>
			<xmin>170</xmin>
			<ymin>262</ymin>
			<xmax>386</xmax>
			<ymax>453</ymax>
		</bndbox>
	</object>
	<object>
		<name>platelets</name>
		<pose>Unspecified</pose>
		<truncated>0</truncated>
		<difficult>0</difficult>
		<bndbox>
			<xmin>291</xmin>
			<ymin>132</ymin>
			<xmax>330</xmax>
			<ymax>171</ymax>
		</bndbox>
	</object>
	<object>
		<name>platelets</name>
		<pose>Unspecified</pose>
		<truncated>0</truncated>
		<difficult>0</difficult>
		<bndbox>
			<xmin>390</xmin>
			<ymin>181</ymin>
			<xmax>429</xmax>
			<ymax>220</ymax>
		</bndbox>
	</object>
</annotation>
