<annotation>
	<folder>JPEGImages</folder>
	<filename>BloodImage_00114.jpg</filename>
	<path>/home/pi/detection_dataset/JPEGImages/BloodImage_00114.jpg</path>
	<source>
		<database>Unknown</database>
	</source>
	<size>
		<width>640</width>
		<height>480</height>
		<depth>3</depth>
	</size>
	<segmented>0</segmented>
	<object>
		<name>rbc</name>
		<pose>Unspecified</pose>
		<truncated>0</truncated>
		<difficult>0</difficult>
		<bndbox>
			<xmin>173</xmin>
			<ymin>194</ymin>
			<xmax>270</xmax>
			<ymax>292</ymax>
		</bndbox>
	</object>
	<object>
		<name>rbc</name>
		<pose>Unspecified</pose>
		<truncated>0</truncated>
		<difficult>0</difficult>
		<bndbox>
			<xmin>359</xmin>
			<ymin>214</ymin>
			<xmax>456</xmax>
			<ymax>312</ymax>
		</bndbox>
	</object>
	<object>
		<name>rbc</name>
		<pose>Unspecified</pose>
		<truncated>0</truncated>
		<difficult>0</difficult>
		<bndbox>
			<xmin>415</xmin>
			<ymin>230</ymin>
			<xmax>512</xmax>
			<ymax>328</ymax>
		</bndbox>
	</object>
	<object>
		<name>rbc</name>
		<pose>Unspecified</pose>
		<truncated>0</truncated>
		<difficult>0</difficult>
		<bndbox>
			<xmin>364</xmin>
			<ymin>336</ymin>
			<xmax>473</xmax>
			<ymax>448</ymax>
		</bndbox>
	</object>
	<object>
		<name>rbc</name>
		<pose>Unspecified</pose>
		<truncated>0</truncated>
		<difficult>0</difficult>
		<bndbox>
			<xmin>240</xmin>
			<ymin>265</ymin>
			<xmax>349</xmax>
			<ymax>377</ymax>
		</bndbox>
	</object>
	<object>
		<name>rbc</name>
		<pose>Unspecified</pose>
		<truncated>0</truncated>
		<difficult>0</difficult>
		<bndbox>
			<xmin>159</xmin>
			<ymin>368</ymin>
			<xmax>263</xmax>
			<ymax>465</ymax>
		</bndbox>
	</object>
	<object>
		<name>rbc</name>
		<pose>Unspecified</pose>
		<truncated>0</truncated>
		<difficult>0</difficult>
		<bndbox>
			<xmin>50</xmin>
			<ymin>407</ymin>
			<xmax>168</xmax>
			<ymax>477</ymax>
		</bndbox>
	</object>
	<object>
		<name>rbc</name>
		<pose>Unspecified</pose>
		<truncated>0</truncated>
		<difficult>0</difficult>
		<bndbox>
			<xmin>123</xmin>
			<ymin>15</ymin>
			<xmax>249</xmax>
			<ymax>147</ymax>
		</bndbox>
	</object>
	<object>
		<name>rbc</name>
		<pose>Unspecified</pose>
		<truncated>1</truncated>
		<difficult>0</difficult>
		<bndbox>
			<xmin>1</xmin>
			<ymin>284</ymin>
			<xmax>97</xmax>
			<ymax>382</ymax>
		</bndbox>
	</object>
	<object>
		<name>rbc</name>
		<pose>Unspecified</pose>
		<truncated>0</truncated>
		<difficult>0</difficult>
		<bndbox>
			<xmin>512</xmin>
			<ymin>167</ymin>
			<xmax>609</xmax>
			<ymax>265</ymax>
		</bndbox>
	</object>
	<object>
		<name>rbc</name>
		<pose>Unspecified</pose>
		<truncated>1</truncated>
		<difficult>0</difficult>
		<bndbox>
			<xmin>322</xmin>
			<ymin>396</ymin>
			<xmax>410</xmax>
			<ymax>480</ymax>
		</bndbox>
	</object>
	<object>
		<name>rbc</name>
		<pose>Unspecified</pose>
		<truncated>0</truncated>
		<difficult>0</difficult>
		<bndbox>
			<xmin>52</xmin>
			<ymin>230</ymin>
			<xmax>156</xmax>
			<ymax>316</ymax>
		</bndbox>
	</object>
	<object>
		<name>rbc</name>
		<pose>Unspecified</pose>
		<truncated>0</truncated>
		<difficult>0</difficult>
		<bndbox>
			<xmin>9</xmin>
			<ymin>127</ymin>
			<xmax>116</xmax>
			<ymax>220</ymax>
		</bndbox>
	</object>
	<object>
		<name>rbc</name>
		<pose>Unspecified</pose>
		<truncated>1</truncated>
		<difficult>0</difficult>
		<bndbox>
			<xmin>32</xmin>
			<ymin>1</ymin>
			<xmax>139</xmax>
			<ymax>72</ymax>
		</bndbox>
	</object>
	<object>
		<name>wbc</name>
		<pose>Unspecified</pose>
		<truncated>0</truncated>
		<difficult>0</difficult>
		<bndbox>
			<xmin>224</xmin>
			<ymin>74</ymin>
			<xmax>391</xmax>
			<ymax>206</ymax>
		</bndbox>
	</object>
</annotation>
