<annotation>
	<folder>JPEGImages</folder>
	<filename>BloodImage_00150.jpg</filename>
	<path>/home/pi/detection_dataset/JPEGImages/BloodImage_00150.jpg</path>
	<source>
		<database>Unknown</database>
	</source>
	<size>
		<width>640</width>
		<height>480</height>
		<depth>3</depth>
	</size>
	<segmented>0</segmented>
	<object>
		<name>wbc</name>
		<pose>Unspecified</pose>
		<truncated>0</truncated>
		<difficult>0</difficult>
		<bndbox>
			<xmin>278</xmin>
			<ymin>11</ymin>
			<xmax>405</xmax>
			<ymax>149</ymax>
		</bndbox>
	</object>
	<object>
		<name>platelets</name>
		<pose>Unspecified</pose>
		<truncated>0</truncated>
		<difficult>0</difficult>
		<bndbox>
			<xmin>392</xmin>
			<ymin>36</ymin>
			<xmax>416</xmax>
			<ymax>60</ymax>
		</bndbox>
	</object>
</annotation>
